table_name,column_name,constraint_type,constraint_name
access_tokens,user_id,FOREIGN KEY,access_tokens_user_id_fkey
access_tokens,user_id,FOREIGN KEY,fk_access_tokens_user
access_tokens,id,PRIMARY KEY,access_tokens_pkey
access_tokens,token,UNIQUE,access_tokens_token_key
account_data,id,PRIMARY KEY,account_data_pkey
account_data,data_type,UNIQUE,account_data_user_id_data_type_key
account_data,user_id,UNIQUE,account_data_user_id_data_type_key
account_data_callbacks,id,PRIMARY KEY,account_data_callbacks_pkey
account_validity,user_id,FOREIGN KEY,account_validity_user_id_fkey
account_validity,user_id,PRIMARY KEY,account_validity_pkey
active_workers,worker_id,PRIMARY KEY,active_workers_pkey
application_service_events,id,PRIMARY KEY,application_service_events_pkey
application_service_events,event_id,UNIQUE,application_service_events_appservice_id_event_id_key
application_service_events,appservice_id,UNIQUE,application_service_events_appservice_id_event_id_key
application_service_room_alias_namespaces,as_id,FOREIGN KEY,application_service_room_alias_namespaces_as_id_fkey
application_service_room_alias_namespaces,as_id,FOREIGN KEY,fk_application_service_room_alias_namespaces_as_id
application_service_room_alias_namespaces,id,PRIMARY KEY,application_service_room_alias_namespaces_pkey
application_service_room_namespaces,as_id,FOREIGN KEY,application_service_room_namespaces_as_id_fkey
application_service_room_namespaces,as_id,FOREIGN KEY,fk_application_service_room_namespaces_as_id
application_service_room_namespaces,id,PRIMARY KEY,application_service_room_namespaces_pkey
application_service_state,id,PRIMARY KEY,application_service_state_pkey
application_service_state,appservice_id,UNIQUE,application_service_state_appservice_id_key
application_service_transactions,as_id,FOREIGN KEY,fk_application_service_transactions_as_id
application_service_transactions,id,PRIMARY KEY,application_service_transactions_pkey
application_service_transactions,transaction_id,UNIQUE,app_service_transactions_unique
application_service_transactions,as_id,UNIQUE,app_service_transactions_unique
application_service_user_namespaces,as_id,FOREIGN KEY,fk_application_service_user_namespaces_as_id
application_service_user_namespaces,id,PRIMARY KEY,application_service_user_namespaces_pkey
application_service_user_namespaces,pattern,UNIQUE,application_service_user_name_appservice_id_namespace_type__key
application_service_user_namespaces,namespace_type,UNIQUE,application_service_user_name_appservice_id_namespace_type__key
application_service_user_namespaces,appservice_id,UNIQUE,application_service_user_name_appservice_id_namespace_type__key
application_service_users,id,PRIMARY KEY,application_service_users_pkey
application_service_users,appservice_id,UNIQUE,application_service_users_appservice_id_user_id_key
application_service_users,user_id,UNIQUE,application_service_users_appservice_id_user_id_key
application_services,id,PRIMARY KEY,application_services_pkey
application_services,as_id,UNIQUE,application_services_as_id_key
background_update_history,job_name,FOREIGN KEY,background_update_history_job_name_fkey
background_update_history,id,PRIMARY KEY,background_update_history_pkey
background_update_locks,job_name,PRIMARY KEY,background_update_locks_pkey
background_update_stats,id,PRIMARY KEY,background_update_stats_pkey
background_update_stats,job_name,UNIQUE,background_update_stats_job_name_key
background_updates,update_name,PRIMARY KEY,background_updates_pkey
backup_keys,user_id,FOREIGN KEY,fk_backup_keys_user_id
backup_keys,id,PRIMARY KEY,backup_keys_pkey
backup_keys,backup_id,UNIQUE,backup_keys_user_id_backup_id_room_id_session_id_first_mess_key
backup_keys,user_id,UNIQUE,backup_keys_user_id_backup_id_room_id_session_id_first_mess_key
backup_keys,room_id,UNIQUE,backup_keys_user_id_backup_id_room_id_session_id_first_mess_key
backup_keys,session_id,UNIQUE,backup_keys_user_id_backup_id_room_id_session_id_first_mess_key
backup_keys,first_message_index,UNIQUE,backup_keys_user_id_backup_id_room_id_session_id_first_mess_key
blocked_rooms,blocked_by,FOREIGN KEY,blocked_rooms_blocked_by_fkey
blocked_rooms,id,PRIMARY KEY,blocked_rooms_pkey
blocked_rooms,room_id,UNIQUE,blocked_rooms_room_id_key
blocked_users,blocked_id,FOREIGN KEY,blocked_users_blocked_id_fkey
blocked_users,user_id,FOREIGN KEY,blocked_users_user_id_fkey
blocked_users,id,PRIMARY KEY,blocked_users_pkey
blocked_users,user_id,UNIQUE,blocked_users_user_id_blocked_id_key
blocked_users,blocked_id,UNIQUE,blocked_users_user_id_blocked_id_key
captcha_config,id,PRIMARY KEY,captcha_config_pkey
captcha_config,config_key,UNIQUE,captcha_config_config_key_key
captcha_rate_limit,id,PRIMARY KEY,captcha_rate_limit_pkey
captcha_rate_limit,captcha_type,UNIQUE,captcha_rate_limit_unique
captcha_rate_limit,target,UNIQUE,captcha_rate_limit_unique
captcha_send_log,id,PRIMARY KEY,captcha_send_log_pkey
captcha_template,id,PRIMARY KEY,captcha_template_pkey
captcha_template,template_name,UNIQUE,captcha_template_template_name_key
cas_proxy_granting_tickets,id,PRIMARY KEY,cas_proxy_granting_tickets_pkey
cas_proxy_granting_tickets,pgt_id,UNIQUE,cas_proxy_granting_tickets_pgt_id_key
cas_proxy_tickets,id,PRIMARY KEY,cas_proxy_tickets_pkey
cas_proxy_tickets,ticket_id,UNIQUE,cas_proxy_tickets_ticket_id_key
cas_services,id,PRIMARY KEY,cas_services_pkey
cas_services,service_id,UNIQUE,cas_services_service_id_key
cas_slo_sessions,id,PRIMARY KEY,cas_slo_sessions_pkey
cas_tickets,user_id,FOREIGN KEY,fk_cas_tickets_user_id
cas_tickets,id,PRIMARY KEY,cas_tickets_pkey
cas_tickets,ticket_id,UNIQUE,cas_tickets_ticket_id_key
cas_tickets,ticket,UNIQUE,cas_tickets_ticket_key
cas_user_attributes,user_id,FOREIGN KEY,fk_cas_user_attributes_user_id
cas_user_attributes,id,PRIMARY KEY,cas_user_attributes_pkey
cas_user_attributes,attribute_name,UNIQUE,cas_user_attributes_unique
cas_user_attributes,user_id,UNIQUE,cas_user_attributes_unique
cross_signing_keys,user_id,FOREIGN KEY,fk_cross_signing_keys_user_id
cross_signing_keys,id,PRIMARY KEY,cross_signing_keys_pkey
cross_signing_keys,key_type,UNIQUE,cross_signing_keys_user_id_key_type_key
cross_signing_keys,user_id,UNIQUE,cross_signing_keys_user_id_key_type_key
db_metadata,key,PRIMARY KEY,db_metadata_pkey
deleted_events_index,id,PRIMARY KEY,deleted_events_index_pkey
device_keys,user_id,FOREIGN KEY,fk_device_keys_user
device_keys,user_id,FOREIGN KEY,fk_device_keys_user_id
device_keys,id,PRIMARY KEY,device_keys_pkey
device_keys,user_id,UNIQUE,device_keys_user_id_device_id_key_id_key
device_keys,device_id,UNIQUE,device_keys_user_id_device_id_key_id_key
device_keys,key_id,UNIQUE,device_keys_user_id_device_id_key_id_key
device_signatures,user_id,FOREIGN KEY,fk_device_signatures_user_id
device_signatures,id,PRIMARY KEY,device_signatures_pkey
device_signatures,user_id,UNIQUE,device_signatures_unique
device_signatures,device_id,UNIQUE,device_signatures_unique
device_signatures,algorithm,UNIQUE,device_signatures_unique
device_signatures,target_device_id,UNIQUE,device_signatures_unique
device_signatures,target_user_id,UNIQUE,device_signatures_unique
device_signing_keys,id,PRIMARY KEY,device_signing_keys_pkey
device_signing_keys,device_id,UNIQUE,device_signing_keys_user_id_device_id_key
device_signing_keys,user_id,UNIQUE,device_signing_keys_user_id_device_id_key
devices,user_id,FOREIGN KEY,devices_user_id_fkey
devices,user_id,PRIMARY KEY,devices_pkey
devices,device_id,PRIMARY KEY,devices_pkey
e2ee_key_requests,id,PRIMARY KEY,e2ee_key_requests_pkey
e2ee_key_requests,request_id,UNIQUE,e2ee_key_requests_request_id_key
e2ee_key_requests,request_id,UNIQUE,e2ee_key_requests_request_id_user_id_device_id_key
e2ee_key_requests,user_id,UNIQUE,e2ee_key_requests_request_id_user_id_device_id_key
e2ee_key_requests,device_id,UNIQUE,e2ee_key_requests_request_id_user_id_device_id_key
e2ee_secret_storage_keys,user_id,FOREIGN KEY,fk_e2ee_secret_storage_keys_user_id
e2ee_secret_storage_keys,id,PRIMARY KEY,e2ee_secret_storage_keys_pkey
e2ee_secret_storage_keys,user_id,UNIQUE,e2ee_secret_storage_keys_key_id_user_id_key
e2ee_secret_storage_keys,key_id,UNIQUE,e2ee_secret_storage_keys_key_id_user_id_key
e2ee_ssss,user_id,PRIMARY KEY,e2ee_ssss_pkey
e2ee_stored_secrets,user_id,FOREIGN KEY,fk_e2ee_stored_secrets_user_id
e2ee_stored_secrets,id,PRIMARY KEY,e2ee_stored_secrets_pkey
e2ee_stored_secrets,user_id,UNIQUE,e2ee_stored_secrets_user_id_secret_name_key
e2ee_stored_secrets,secret_name,UNIQUE,e2ee_stored_secrets_user_id_secret_name_key
email_verification_tokens,user_id,FOREIGN KEY,fk_email_verification_tokens_user_id
email_verification_tokens,id,PRIMARY KEY,email_verification_tokens_pkey
email_verification_tokens,token,UNIQUE,email_verification_tokens_token_key
event_receipts,room_id,FOREIGN KEY,fk_event_receipts_room_id
event_receipts,user_id,FOREIGN KEY,fk_event_receipts_user_id
event_receipts,id,PRIMARY KEY,event_receipts_pkey
event_receipts,room_id,UNIQUE,event_receipts_event_room_user_type_unique
event_receipts,receipt_type,UNIQUE,event_receipts_event_room_user_type_unique
event_receipts,event_id,UNIQUE,event_receipts_event_room_user_type_unique
event_receipts,user_id,UNIQUE,event_receipts_event_room_user_type_unique
event_report_history,report_id,FOREIGN KEY,event_report_history_report_id_fkey
event_report_history,id,PRIMARY KEY,event_report_history_pkey
event_report_stats,id,PRIMARY KEY,event_report_stats_pkey
event_report_stats,date,UNIQUE,event_report_stats_date_key
event_reports,reporter_user_id,FOREIGN KEY,event_reports_reporter_user_id_fkey
event_reports,room_id,FOREIGN KEY,event_reports_room_id_fkey
event_reports,id,PRIMARY KEY,event_reports_pkey
event_signatures,id,PRIMARY KEY,event_signatures_pkey
event_signatures,event_id,UNIQUE,event_signatures_event_id_user_id_device_id_key_id_key
event_signatures,key_id,UNIQUE,event_signatures_event_id_user_id_device_id_key_id_key
event_signatures,device_id,UNIQUE,event_signatures_event_id_user_id_device_id_key_id_key
event_signatures,user_id,UNIQUE,event_signatures_event_id_user_id_device_id_key_id_key
events,room_id,FOREIGN KEY,fk_events_room
events,room_id,FOREIGN KEY,fk_events_room_id
events,sender,FOREIGN KEY,fk_events_sender
events,event_id,PRIMARY KEY,events_pkey
federation_access_stats,id,PRIMARY KEY,federation_access_stats_pkey
federation_access_stats,server_name,UNIQUE,federation_access_stats_server_name_direction_recorded_ts_key
federation_access_stats,recorded_ts,UNIQUE,federation_access_stats_server_name_direction_recorded_ts_key
federation_access_stats,direction,UNIQUE,federation_access_stats_server_name_direction_recorded_ts_key
federation_blacklist,id,PRIMARY KEY,federation_blacklist_pkey
federation_blacklist,server_name,UNIQUE,federation_blacklist_server_name_key
federation_blacklist_config,id,PRIMARY KEY,federation_blacklist_config_pkey
federation_blacklist_config,config_key,UNIQUE,federation_blacklist_config_config_key_key
federation_blacklist_log,id,PRIMARY KEY,federation_blacklist_log_pkey
federation_blacklist_rule,id,PRIMARY KEY,federation_blacklist_rule_pkey
federation_blacklist_rule,rule_name,UNIQUE,federation_blacklist_rule_rule_name_key
federation_queue,id,PRIMARY KEY,federation_queue_pkey
federation_servers,id,PRIMARY KEY,federation_servers_pkey
federation_servers,server_name,UNIQUE,federation_servers_server_name_key
federation_signing_keys,id,PRIMARY KEY,federation_signing_keys_pkey
federation_signing_keys,key_id,UNIQUE,federation_signing_keys_server_name_key_id_key
federation_signing_keys,server_name,UNIQUE,federation_signing_keys_server_name_key_id_key
filters,id,PRIMARY KEY,filters_pkey
filters,filter_id,UNIQUE,filters_filter_id_key
friend_categories,user_id,FOREIGN KEY,friend_categories_user_id_fkey
friend_categories,id,PRIMARY KEY,friend_categories_pkey
friend_requests,receiver_id,FOREIGN KEY,friend_requests_receiver_id_fkey
friend_requests,sender_id,FOREIGN KEY,friend_requests_sender_id_fkey
friend_requests,id,PRIMARY KEY,friend_requests_pkey
friend_requests,receiver_id,UNIQUE,friend_requests_sender_id_receiver_id_key
friend_requests,sender_id,UNIQUE,friend_requests_sender_id_receiver_id_key
friends,friend_id,FOREIGN KEY,friends_friend_id_fkey
friends,user_id,FOREIGN KEY,friends_user_id_fkey
friends,id,PRIMARY KEY,friends_pkey
friends,user_id,UNIQUE,friends_user_id_friend_id_key
friends,friend_id,UNIQUE,friends_user_id_friend_id_key
inbound_megolm_sessions,room_id,FOREIGN KEY,fk_inbound_megolm_sessions_room_id
inbound_megolm_sessions,id,PRIMARY KEY,inbound_megolm_sessions_pkey
inbound_megolm_sessions,session_id,UNIQUE,inbound_megolm_sessions_session_id_key
ip_blocks,id,PRIMARY KEY,ip_blocks_pkey
ip_blocks,ip_range,UNIQUE,ip_blocks_ip_range_key
ip_reputation,id,PRIMARY KEY,ip_reputation_pkey
ip_reputation,ip_address,UNIQUE,ip_reputation_ip_address_key
key_backups,user_id,FOREIGN KEY,fk_key_backups_user_id
key_backups,id,PRIMARY KEY,key_backups_pkey
key_backups,user_id,UNIQUE,key_backups_user_id_backup_id_key
key_backups,backup_id,UNIQUE,key_backups_user_id_backup_id_key
media_callbacks,id,PRIMARY KEY,media_callbacks_pkey
media_metadata,media_id,PRIMARY KEY,media_metadata_pkey
media_quota,user_id,FOREIGN KEY,media_quota_user_id_fkey
media_quota,id,PRIMARY KEY,media_quota_pkey
media_quota,user_id,UNIQUE,media_quota_user_id_key
media_repository,user_id,FOREIGN KEY,fk_media_repository_user_id
media_repository,media_id,PRIMARY KEY,media_repository_pkey
megolm_sessions,room_id,FOREIGN KEY,fk_megolm_sessions_room_id
megolm_sessions,id,PRIMARY KEY,megolm_sessions_pkey
megolm_sessions,session_id,UNIQUE,megolm_sessions_session_id_key
migrations,id,PRIMARY KEY,migrations_pkey
migrations,name,UNIQUE,migrations_name_key
module_execution_logs,id,PRIMARY KEY,module_execution_logs_pkey
modules,id,PRIMARY KEY,modules_pkey
modules,module_name,UNIQUE,modules_module_name_key
notifications,id,PRIMARY KEY,notifications_pkey
olm_accounts,id,PRIMARY KEY,olm_accounts_pkey
olm_accounts,user_id,UNIQUE,olm_accounts_user_id_device_id_key
olm_accounts,device_id,UNIQUE,olm_accounts_user_id_device_id_key
olm_sessions,id,PRIMARY KEY,olm_sessions_pkey
olm_sessions,session_id,UNIQUE,olm_sessions_session_id_key
openid_tokens,id,PRIMARY KEY,openid_tokens_pkey
openid_tokens,token,UNIQUE,openid_tokens_token_key
optimization_log,id,PRIMARY KEY,optimization_log_pkey
password_auth_providers,id,PRIMARY KEY,password_auth_providers_pkey
password_auth_providers,provider_id,UNIQUE,password_auth_providers_provider_id_key
presence,user_id,PRIMARY KEY,presence_pkey
presence_routes,id,PRIMARY KEY,presence_routes_pkey
presence_routes,user_id,UNIQUE,presence_routes_user_id_key
private_messages,sender_id,FOREIGN KEY,private_messages_sender_id_fkey
private_messages,session_id,FOREIGN KEY,private_messages_session_id_fkey
private_messages,id,PRIMARY KEY,private_messages_pkey
private_sessions,user_id_1,FOREIGN KEY,private_sessions_user_id_1_fkey
private_sessions,user_id_2,FOREIGN KEY,private_sessions_user_id_2_fkey
private_sessions,id,PRIMARY KEY,private_sessions_pkey
private_sessions,user_id_2,UNIQUE,private_sessions_user_id_1_user_id_2_key
private_sessions,user_id_1,UNIQUE,private_sessions_user_id_1_user_id_2_key
push_config,id,PRIMARY KEY,push_config_pkey
push_config,config_key,UNIQUE,push_config_config_key_key
push_device,user_id,FOREIGN KEY,fk_push_device_user_id
push_device,id,PRIMARY KEY,push_device_pkey
push_device,user_id,UNIQUE,push_device_user_device_unique
push_device,device_id,UNIQUE,push_device_user_device_unique
push_devices,id,PRIMARY KEY,push_devices_pkey
push_devices,user_id,UNIQUE,push_devices_user_id_device_id_pushkey_key
push_devices,device_id,UNIQUE,push_devices_user_id_device_id_pushkey_key
push_devices,pushkey,UNIQUE,push_devices_user_id_device_id_pushkey_key
push_notification_log,user_id,FOREIGN KEY,fk_push_notification_log_user_id
push_notification_log,id,PRIMARY KEY,push_notification_log_pkey
push_notification_queue,user_id,FOREIGN KEY,fk_push_notification_queue_user_id
push_notification_queue,id,PRIMARY KEY,push_notification_queue_pkey
push_provider_configs,id,PRIMARY KEY,push_provider_configs_pkey
push_provider_configs,provider_name,UNIQUE,push_provider_configs_provider_name_key
push_rules,user_id,FOREIGN KEY,fk_push_rules_user_id
push_rules,id,PRIMARY KEY,push_rules_pkey
push_rules,user_id,UNIQUE,push_rules_user_rule_unique
push_rules,rule_id,UNIQUE,push_rules_user_rule_unique
push_rules,kind,UNIQUE,push_rules_user_rule_unique
push_rules,scope,UNIQUE,push_rules_user_rule_unique
push_stats,user_id,FOREIGN KEY,fk_push_stats_user_id
push_stats,id,PRIMARY KEY,push_stats_pkey
push_stats,user_id,UNIQUE,push_stats_user_date_unique
push_stats,date,UNIQUE,push_stats_user_date_unique
pushers,user_id,FOREIGN KEY,fk_pushers_user_id
pushers,id,PRIMARY KEY,pushers_pkey
pushers,user_id,UNIQUE,pushers_user_pushkey_unique
pushers,pushkey,UNIQUE,pushers_user_pushkey_unique
rate_limit_callbacks,id,PRIMARY KEY,rate_limit_callbacks_pkey
read_markers,room_id,FOREIGN KEY,fk_read_markers_room_id
read_markers,user_id,FOREIGN KEY,fk_read_markers_user_id
read_markers,id,PRIMARY KEY,read_markers_pkey
read_markers,user_id,UNIQUE,read_markers_room_user_type_unique
read_markers,marker_type,UNIQUE,read_markers_room_user_type_unique
read_markers,room_id,UNIQUE,read_markers_room_user_type_unique
receipts,room_id,FOREIGN KEY,fk_receipts_room_id
receipts,user_id,FOREIGN KEY,fk_receipts_user_id
receipts,id,PRIMARY KEY,receipts_pkey
receipts,room_id,UNIQUE,receipts_room_event_user_type_unique
receipts,receipt_type,UNIQUE,receipts_room_event_user_type_unique
receipts,user_id,UNIQUE,receipts_room_event_user_type_unique
receipts,event_id,UNIQUE,receipts_room_event_user_type_unique
refresh_token_families,user_id,FOREIGN KEY,refresh_token_families_user_id_fkey
refresh_token_families,id,PRIMARY KEY,refresh_token_families_pkey
refresh_token_families,family_id,UNIQUE,refresh_token_families_family_id_key
refresh_token_rotations,id,PRIMARY KEY,refresh_token_rotations_pkey
refresh_token_usage,id,PRIMARY KEY,refresh_token_usage_pkey
refresh_tokens,user_id,FOREIGN KEY,fk_refresh_tokens_user
refresh_tokens,user_id,FOREIGN KEY,refresh_tokens_user_id_fkey
refresh_tokens,id,PRIMARY KEY,refresh_tokens_pkey
refresh_tokens,token_hash,UNIQUE,refresh_tokens_token_hash_key
registration_captcha,id,PRIMARY KEY,registration_captcha_pkey
registration_captcha,captcha_id,UNIQUE,registration_captcha_captcha_id_key
registration_token_batches,created_by,FOREIGN KEY,registration_token_batches_created_by_fkey
registration_token_batches,id,PRIMARY KEY,registration_token_batches_pkey
registration_token_batches,batch_id,UNIQUE,registration_token_batches_batch_id_key
registration_token_usage,token_id,FOREIGN KEY,registration_token_usage_token_id_fkey
registration_token_usage,user_id,FOREIGN KEY,registration_token_usage_user_id_fkey
registration_token_usage,id,PRIMARY KEY,registration_token_usage_pkey
registration_tokens,created_by,FOREIGN KEY,registration_tokens_created_by_fkey
registration_tokens,id,PRIMARY KEY,registration_tokens_pkey
registration_tokens,token,UNIQUE,registration_tokens_token_key
report_rate_limits,user_id,FOREIGN KEY,report_rate_limits_user_id_fkey
report_rate_limits,id,PRIMARY KEY,report_rate_limits_pkey
report_rate_limits,user_id,UNIQUE,report_rate_limits_user_id_key
retention_cleanup_logs,room_id,FOREIGN KEY,fk_retention_cleanup_logs_room_id
retention_cleanup_logs,id,PRIMARY KEY,retention_cleanup_logs_pkey
retention_cleanup_queue,id,PRIMARY KEY,retention_cleanup_queue_pkey
retention_cleanup_queue,room_id,UNIQUE,retention_cleanup_queue_room_id_key
retention_stats,room_id,PRIMARY KEY,retention_stats_pkey
room_account_data,id,PRIMARY KEY,room_account_data_pkey
room_account_data,data_type,UNIQUE,room_account_data_user_id_room_id_data_type_key
room_account_data,user_id,UNIQUE,room_account_data_user_id_room_id_data_type_key
room_account_data,room_id,UNIQUE,room_account_data_user_id_room_id_data_type_key
room_aliases,room_alias,PRIMARY KEY,room_aliases_pkey
room_directory,room_id,PRIMARY KEY,room_directory_pkey
room_invites,invitee_user_id,FOREIGN KEY,room_invites_invitee_user_id_fkey
room_invites,inviter_user_id,FOREIGN KEY,room_invites_inviter_user_id_fkey
room_invites,room_id,FOREIGN KEY,room_invites_room_id_fkey
room_invites,id,PRIMARY KEY,room_invites_pkey
room_invites,invite_code,UNIQUE,room_invites_invite_code_key
room_memberships,room_id,FOREIGN KEY,fk_room_memberships_room
room_memberships,user_id,FOREIGN KEY,fk_room_memberships_user
room_memberships,user_id,PRIMARY KEY,room_memberships_pkey
room_memberships,room_id,PRIMARY KEY,room_memberships_pkey
room_parents,id,PRIMARY KEY,room_parents_pkey
room_parents,room_id,UNIQUE,room_parents_unique
room_parents,parent_id,UNIQUE,room_parents_unique
room_retention_policies,room_id,PRIMARY KEY,room_retention_policies_pkey
room_state_events,id,PRIMARY KEY,room_state_events_pkey
room_state_events,type,UNIQUE,room_state_events_room_id_type_state_key_key
room_state_events,room_id,UNIQUE,room_state_events_room_id_type_state_key_key
room_state_events,state_key,UNIQUE,room_state_events_room_id_type_state_key_key
room_summaries,room_id,FOREIGN KEY,fk_room_summaries_room
room_summaries,id,PRIMARY KEY,room_summaries_pkey
room_summaries,room_id,UNIQUE,room_summaries_room_id_key
room_summary_members,room_id,FOREIGN KEY,fk_room_summary_members_room
room_summary_members,id,PRIMARY KEY,room_summary_members_pkey
room_summary_members,user_id,UNIQUE,room_summary_members_room_id_user_id_key
room_summary_members,room_id,UNIQUE,room_summary_members_room_id_user_id_key
room_summary_state,room_id,FOREIGN KEY,fk_room_summary_state_room
room_summary_state,id,PRIMARY KEY,room_summary_state_pkey
room_summary_state,room_id,UNIQUE,room_summary_state_room_id_key
room_summary_stats,room_id,FOREIGN KEY,fk_room_summary_stats_room
room_summary_stats,id,PRIMARY KEY,room_summary_stats_pkey
room_summary_stats,room_id,UNIQUE,room_summary_stats_room_id_key
room_summary_update_queue,id,PRIMARY KEY,room_summary_update_queue_pkey
rooms,room_id,PRIMARY KEY,rooms_pkey
saml_auth_events,id,PRIMARY KEY,saml_auth_events_pkey
saml_identity_providers,id,PRIMARY KEY,saml_identity_providers_pkey
saml_identity_providers,entity_id,UNIQUE,saml_identity_providers_entity_id_key
saml_logout_requests,id,PRIMARY KEY,saml_logout_requests_pkey
saml_logout_requests,request_id,UNIQUE,saml_logout_requests_request_id_key
saml_sessions,user_id,FOREIGN KEY,fk_saml_sessions_user_id
saml_sessions,id,PRIMARY KEY,saml_sessions_pkey
saml_sessions,session_id,UNIQUE,saml_sessions_session_id_key
saml_user_mapping,user_id,FOREIGN KEY,fk_saml_user_mapping_user_id
saml_user_mapping,id,PRIMARY KEY,saml_user_mapping_pkey
saml_user_mapping,name_id,UNIQUE,saml_user_mapping_name_issuer_unique
saml_user_mapping,issuer,UNIQUE,saml_user_mapping_name_issuer_unique
saml_user_mapping,user_id,UNIQUE,saml_user_mapping_user_id_key
schema_migrations,version,PRIMARY KEY,schema_migrations_pkey
security_events,user_id,FOREIGN KEY,fk_security_events_user_id
security_events,id,PRIMARY KEY,security_events_pkey
server_retention_policy,id,PRIMARY KEY,server_retention_policy_pkey
space_children,added_by,FOREIGN KEY,fk_space_children_added_by
space_children,room_id,FOREIGN KEY,fk_space_children_room_id
space_children,space_id,FOREIGN KEY,fk_space_children_space
space_children,space_id,FOREIGN KEY,fk_space_children_space_id
space_children,id,PRIMARY KEY,space_children_pkey
space_children,room_id,UNIQUE,space_children_unique
space_children,space_id,UNIQUE,space_children_unique
space_events,id,PRIMARY KEY,space_events_pkey
space_events,event_id,UNIQUE,space_events_event_id_key
space_members,space_id,FOREIGN KEY,fk_space_members_space
space_members,id,PRIMARY KEY,space_members_pkey
space_members,space_id,UNIQUE,space_members_unique
space_members,user_id,UNIQUE,space_members_unique
space_statistics,space_id,PRIMARY KEY,space_statistics_pkey
space_summaries,id,PRIMARY KEY,space_summaries_pkey
space_summaries,space_id,UNIQUE,space_summaries_space_id_key
spaces,creator,FOREIGN KEY,fk_spaces_creator
spaces,parent_space_id,FOREIGN KEY,fk_spaces_parent_space_id
spaces,room_id,FOREIGN KEY,fk_spaces_room_id
spaces,space_id,PRIMARY KEY,spaces_pkey
spam_check_results,id,PRIMARY KEY,spam_check_results_pkey
spam_check_results,event_id,UNIQUE,spam_check_results_event_id_key
third_party_rule_results,id,PRIMARY KEY,third_party_rule_results_pkey
third_party_rule_results,rule_type,UNIQUE,third_party_rule_results_event_id_rule_type_key
third_party_rule_results,event_id,UNIQUE,third_party_rule_results_event_id_rule_type_key
thread_read_receipts,id,PRIMARY KEY,thread_read_receipts_pkey
thread_read_receipts,room_id,UNIQUE,thread_read_receipts_room_id_thread_id_user_id_key
thread_read_receipts,thread_id,UNIQUE,thread_read_receipts_room_id_thread_id_user_id_key
thread_read_receipts,user_id,UNIQUE,thread_read_receipts_room_id_thread_id_user_id_key
thread_replies,room_id,FOREIGN KEY,fk_thread_replies_room_id
thread_replies,sender,FOREIGN KEY,fk_thread_replies_sender
thread_replies,id,PRIMARY KEY,thread_replies_pkey
thread_replies,event_id,UNIQUE,thread_replies_event_id_key
thread_roots,creator,FOREIGN KEY,fk_thread_roots_creator
thread_roots,room_id,FOREIGN KEY,fk_thread_roots_room_id
thread_roots,id,PRIMARY KEY,thread_roots_pkey
thread_roots,event_id,UNIQUE,thread_roots_event_id_key
thread_statistics,room_id,FOREIGN KEY,thread_statistics_room_id_fkey
thread_statistics,id,PRIMARY KEY,thread_statistics_pkey
thread_statistics,thread_root_event_id,UNIQUE,thread_statistics_room_id_thread_root_event_id_key
thread_statistics,room_id,UNIQUE,thread_statistics_room_id_thread_root_event_id_key
thread_subscriptions,user_id,FOREIGN KEY,fk_thread_subscriptions_user_id
thread_subscriptions,id,PRIMARY KEY,thread_subscriptions_pkey
thread_subscriptions,thread_id,UNIQUE,thread_subscriptions_room_id_thread_id_user_id_key
thread_subscriptions,room_id,UNIQUE,thread_subscriptions_room_id_thread_id_user_id_key
thread_subscriptions,user_id,UNIQUE,thread_subscriptions_room_id_thread_id_user_id_key
thumbnails,media_id,FOREIGN KEY,thumbnails_media_id_fkey
thumbnails,id,PRIMARY KEY,thumbnails_pkey
to_device_messages,id,PRIMARY KEY,to_device_messages_pkey
token_blacklist,id,PRIMARY KEY,token_blacklist_pkey
token_blacklist,token_hash,UNIQUE,token_blacklist_token_hash_key
typing,user_id,UNIQUE,typing_user_id_room_id_key
typing,room_id,UNIQUE,typing_user_id_room_id_key
user_account_data,id,PRIMARY KEY,user_account_data_pkey
user_account_data,user_id,UNIQUE,user_account_data_user_id_event_type_key
user_account_data,event_type,UNIQUE,user_account_data_user_id_event_type_key
user_directory,room_id,FOREIGN KEY,user_directory_room_id_fkey
user_directory,user_id,FOREIGN KEY,user_directory_user_id_fkey
user_directory,room_id,PRIMARY KEY,user_directory_pkey
user_directory,user_id,PRIMARY KEY,user_directory_pkey
user_profiles,user_id,PRIMARY KEY,user_profiles_pkey
user_threepids,user_id,FOREIGN KEY,user_threepids_user_id_fkey
user_threepids,id,PRIMARY KEY,user_threepids_pkey
user_threepids,medium,UNIQUE,user_threepids_user_medium_address_key
user_threepids,address,UNIQUE,user_threepids_user_medium_address_key
user_threepids,user_id,UNIQUE,user_threepids_user_medium_address_key
users,user_id,PRIMARY KEY,users_pkey
users,username,UNIQUE,users_username_key
voice_messages,room_id,FOREIGN KEY,fk_voice_messages_room_id
voice_messages,user_id,FOREIGN KEY,fk_voice_messages_user_id
voice_messages,id,PRIMARY KEY,voice_messages_pkey
voice_messages,event_id,UNIQUE,voice_messages_event_unique
voice_usage_stats,id,PRIMARY KEY,voice_usage_stats_pkey
worker_commands,worker_id,FOREIGN KEY,worker_commands_worker_id_fkey
worker_commands,id,PRIMARY KEY,worker_commands_pkey
worker_connections,source_worker_id,FOREIGN KEY,fk_worker_connections_source_worker_id
worker_connections,target_worker_id,FOREIGN KEY,fk_worker_connections_target_worker_id
worker_connections,id,PRIMARY KEY,worker_connections_pkey
worker_connections,connection_type,UNIQUE,worker_connections_unique
worker_connections,source_worker_id,UNIQUE,worker_connections_unique
worker_connections,target_worker_id,UNIQUE,worker_connections_unique
worker_events,worker_id,FOREIGN KEY,worker_events_worker_id_fkey
worker_events,id,PRIMARY KEY,worker_events_pkey
worker_health_checks,worker_id,FOREIGN KEY,fk_worker_health_checks_worker_id
worker_health_checks,id,PRIMARY KEY,worker_health_checks_pkey
worker_statistics,worker_id,FOREIGN KEY,worker_statistics_worker_id_fkey
worker_statistics,id,PRIMARY KEY,worker_statistics_pkey
worker_stream_positions,id,PRIMARY KEY,worker_stream_positions_pkey
worker_stream_positions,stream_name,UNIQUE,worker_stream_positions_stream_name_key
worker_task_assignments,worker_id,FOREIGN KEY,worker_task_assignments_worker_id_fkey
worker_task_assignments,id,PRIMARY KEY,worker_task_assignments_pkey
worker_task_assignments,task_id,UNIQUE,worker_task_assignments_task_id_key
worker_tasks,id,PRIMARY KEY,worker_tasks_pkey
worker_type_statistics,id,PRIMARY KEY,worker_type_statistics_pkey
worker_type_statistics,worker_type,UNIQUE,worker_type_statistics_worker_type_key
workers,id,PRIMARY KEY,workers_pkey
workers,worker_id,UNIQUE,workers_worker_id_key
